time,z,y,x
0.0,-1.0633034772679208,-0.1295201138824224,-0.5082300926446914
0.010005,-1.040473805822432,0.0260743524551391,-0.2661095085639506
0.02001,-1.0358315329745411,0.1702858395129442,-0.0629720775458961
0.030014999999999997,-1.0640300379768013,0.3520633793771267,0.2095220174886286
0.04002,-1.1106599794656038,0.475886158400774,0.4339084266319871
0.050025,-1.1654641673207282,0.4684218138694763,0.612119944577664
0.060029900000000004,-1.2270558233588933,0.4198883768469095,0.7284270872741937
0.0700349,-1.2588280951946973,0.3714309276700019,0.7207147593311966
0.0800399,-1.2577718641400335,0.3145902655512094,0.6805491915509104
0.09004480000000001,-1.2604653410077094,0.253998726466298,0.59740796700567
0.10004980000000001,-1.3039590302973985,0.1931476596623659,0.5119115576364099
0.11005480000000001,-1.331034084227681,0.1547206061124801,0.4091667840853333
0.12005980000000001,-1.3572230029731989,0.1193009176850318,0.2279386947974562
0.1300648,-1.408471251912415,0.0563321280747652,0.0519444145098328
0.1400698,-1.425752349320054,-0.0030541268736124,-0.0458440518081188
0.1500748,-1.4475734282448889,-0.0608159954905509,-0.1444252759389579
0.1600808,-1.495067293086648,-0.1347089146971702,-0.2161881973795592
0.1700858,-1.4965788666933777,-0.2842635163486003,-0.3737031103856861
0.1800908,-1.4622425895884632,-0.37328093945086,-0.4149057661287486
0.19009579999999998,-1.4118641092211006,-0.3407113797575235,-0.3814687759511173
0.20010080000000002,-1.472856922583282,-0.3264052065074443,-0.3378609587624669
0.2101058,-1.5315081412553786,-0.281973944106698,-0.2752491658963263
0.2201108,-1.570793857461214,-0.2737707639068364,-0.2460194181501865
0.2301158,-1.616965826049447,-0.253564426702261,-0.2033991506941616
0.2401208,-1.6312772599965333,-0.1845610331028699,-0.1368516258142888
0.2501258,-1.7236372715249657,-0.1154933420956134,-0.0696909374721348
0.2601308,-1.7613842338562011,-0.0514186370700597,-0.0075613751649856
0.2701358,-1.7659037571072578,-0.0021831892579793,0.0679955317310988
0.28014079999999997,-1.785122252318263,0.0162719203650951,0.1306735217012465
0.2901458,-1.832012306047976,-0.0062087915122509,0.1302718090325594
0.3001508,-1.8742112793520092,-0.0691068539738655,0.1867681877583265
0.31015580000000004,-1.950842975872755,-0.1336024147599935,0.2381963233090937
0.32016079999999997,-2.034060480524599,-0.1733610091745853,0.2758173211731016
0.3301658,-2.068922242808342,-0.2081687031835317,0.2553153620228171
0.3401708,-2.0637474705189467,-0.2169733564078807,0.2023730225168168
0.350176,-2.0789903400972483,-0.2487421211123466,0.1589364702418446
0.360181,-2.0840148902609945,-0.3193903593093156,0.1237228257805109
0.370186,-2.06296742605716,-0.4323603204071521,0.0792190826654434
0.380191,-2.048330121156573,-0.5702063640862703,0.1673847843091934
0.390196,-2.0826994237482546,-0.7837696197897195,0.2169918419126421
0.40020100000000003,-2.1043270259276032,-1.1238871253073217,0.2237243650380521
0.41020589999999996,-2.0841449463814494,-1.5324433762788772,0.3228646112911403
0.4202109,-2.060861685949564,-1.863797145104408,0.5268447036784142
0.43021580000000004,-1.9702403347820043,-2.097148804861307,0.8032478619154543
0.44022079999999997,-1.9031500813275577,-2.243725267484784,1.0413022194705903
0.4502258,-1.877005586245656,-2.3349615356802937,1.3466552855990823
0.46023040000000004,-1.889125939889252,-2.393815875709057,1.6809642509683966
0.47023539999999997,-1.6293804864645005,-2.3959289223402735,2.0934026040703055
0.4802404,-0.5270844307184219,-2.223344742757082,2.753336000832915
0.49024540000000005,-0.0694271719694137,-2.6386820321708915,2.451513593048602
0.5002504,-0.0092658409953117,-3.5679514252632853,1.8307202204108235
0.5102554,0.1353831606969237,-4.0560716268152,2.2881121062219143
0.5202603,0.9291898981153964,-4.156872426691651,2.5538898255482314
0.5302653,1.9290739193961024,-4.094876866027713,2.324352024991065
0.5402703,2.2255796622022985,-3.8120103569954633,2.344148466220498
0.5502753,2.245217259608209,-3.381619290834665,2.532731594446301
0.5602803,2.14405756329149,-2.8746728082597253,2.470874857731163
0.5702853,2.0543439746186136,-2.4386042809844017,2.1224413592889904
0.5802902999999999,2.1118328715130685,-2.020444335365295,1.844516252181679
0.5902963,2.0119711060523984,-1.3752747924923896,1.3972539845883845
0.6003013,1.799164221674204,-0.4703419682770967,0.9317823257613926
0.6103063000000001,1.5899989086687565,0.5742401496469974,0.4322298258952796
0.6203113,1.4146718601182102,1.4939485181897878,-0.092313468972966
0.6303163,1.3242480773493648,2.1834452785670755,-0.7261592884726822
0.6403213,1.2808809370487928,2.60244810475111,-1.3401929577171805
0.6503263,1.1138193202793598,2.7399820137411353,-1.731817801501602
0.6603313,0.6394803913205862,2.5416069748193024,-2.56749778740108
0.6703362,-0.0798591341346502,2.0394372051268816,-3.0226427710682153
0.6803412,-0.6921785468071698,1.4126514602065086,-3.0745377934783695
0.6903462,-1.044323174726963,0.7769464957714081,-2.899379671753943
0.7003512,-0.9770371064394712,0.3351443932801485,-2.3625128288201984
0.7103562,-0.660646513468027,-0.0691238051086664,-1.4935976589255031
0.7203612,-0.2212704690799116,-0.2423708325147628,-0.3638465369556099
0.7303662,0.3162824564218521,-0.382272055158019,0.5219800567841157
0.7403712,0.74479019305408,-0.4918973820030689,0.9591847119498996
0.7503762,1.082237310318649,-0.5444914925932884,1.2021818596694618
0.7603812,1.416300630363822,-0.2860550759404897,1.8055618137568237
0.7703862,1.435534030883014,0.4026093252658844,2.275031383113563
0.7803912000000001,1.2841624429374932,1.091198323148489,2.5849825906872748
0.7903962,0.8597364226609467,1.6570628586381673,2.6758906498417256
0.8004011,0.3758028591439127,2.1548960604310032,2.346890896796435
0.8104061,-0.2603781983703375,2.4627526338130235,1.757845684466511
0.8204111000000001,-0.8915963727802038,2.4735773946881294,0.8284024691771715
0.8304161000000001,-1.2682424047499894,2.3802228191643953,-0.0806162543785758
0.8404211,-1.5166893423080443,2.363010987600684,-0.5959245235148817
0.8504261,-1.6597674414217471,2.3458050012558695,-0.8863397674262523
0.8604311000000001,-1.6676202007487415,2.3332611615031955,-1.09970289744772
0.8704361,-1.5500819088220597,2.292845564484596,-1.3363836285620927
0.8804411,-1.4115940601080654,2.1880226694852114,-1.595546313662827
0.8904460999999999,-1.2800401023104786,2.03436647773385,-1.7532438897594809
0.9004511000000001,-1.1346125174611803,1.7949889818161724,-1.7485519325509666
0.9104563000000001,-1.0129179826378822,1.4599094704657791,-1.6355732036247848
0.9204613,-0.8941606703102588,1.0958540399998429,-1.469424902307987
0.9304663,-0.8073755363047123,0.7807336130946874,-1.2636752429649234
0.9404712999999999,-0.7846651073247194,0.5079588744878769,-1.0421117822878063
0.9504763,-0.7844991031080484,0.3211269738435745,-0.8512497493445873
0.9604823,-0.7755205546215176,0.1533458106279373,-0.7132225038796662
0.9704872999999999,-0.7568897961705923,0.0530178889602422,-0.6155293146297335
0.9804923000000001,-0.7326847447186708,0.015701427000761,-0.3809828190650791
0.9904973,-0.7418073778510094,0.0935644188821315,-0.1716373454534448
1.0005023,-0.8270365145862102,0.2801560810297727,-0.0383241776973009
1.0105073,-1.0931669928729533,0.4570703987717628,0.0777943288256414
1.0205122,-1.5683680916190146,0.5112275208950042,-0.1053686740475706
1.0305172,-1.9302324417814611,0.8178934231877326,0.3079601068217307
1.0405222,-2.2484835679277775,0.9995914680749176,0.8256178799599408
1.0505271999999999,-2.3591756472215053,1.0619441716134548,1.0699436459347604
1.0605322,-2.306134085124731,1.0104606526136397,1.2604244244754317
1.0705375,-2.1513284310773013,0.8856593839466571,1.3495679581753908
1.0805425,-1.9267761638477443,0.6846592572182416,1.3152641220353545
1.0905474,-1.382059045805037,0.0705190588593483,0.7407043850451708
1.1005524,-1.3844339582428336,0.0695978523612022,0.7281978085629641
1.1105574,-1.2172422853529452,-0.2642494868457317,0.2593419323914684
1.1205624,-1.2979963225007056,-0.7813999680489301,-0.3143055303256958
1.1305674,-1.517409765537083,-1.371460787162185,-0.7360275523405522
1.1405724,-1.8350737394452097,-2.0687451326757667,-0.9575497311592102
1.1505774,-2.1716043263867495,-2.793599622160196,-1.006403120851144
1.1605824,-2.363556054262817,-3.4364456905215977,-1.0326691964861006
1.1705874,-2.3299825782239436,-3.8004204569667577,-1.569498703084141
1.1805923999999999,-1.17320995914191,-3.977313731920719,-2.2281616415195167
1.1905974000000001,1.0104358104333282,-4.312411947971582,-1.8597415861032904
1.2006024,1.9096540563941,-4.581319489756226,-1.34899161959216
1.2106074,1.464110137026012,-4.433707838866114,-1.4108942412756382
1.2206123,2.2185937488377094,-4.306345195278525,-1.394672151401639
1.2306173,3.233742851528526,-4.676169272273778,-1.3744710748940705
1.2406223,2.526583008688688,-4.866855510258675,-1.4676380188912153
1.2506273,1.2184598444491623,-4.353044402611255,-1.3439603474266826
1.2606323,0.5412143706187605,-3.496832062423229,-1.223419366552681
1.2706373,0.5584507521018386,-2.58361130233407,-1.3949590055190026
1.2806423,1.0570432478293776,-1.5436416466414928,-2.0872451043538747
1.2906473,2.1842191855490207,-0.2334825926601886,-2.163408744971454
1.3006522999999999,3.3657655958816406,0.6180816294610499,-2.586675950601697
1.3106573,4.3867157860666515,1.438673205691576,-2.7704627844616767
1.3206633,4.7867941315501925,2.0955437077522276,-2.041144301305711
1.3306683,3.8636493588179346,2.504583358326554,-0.8795395128268748
1.3406733,2.219368824863434,2.586429282364249,0.0155171564750373
1.3506783,0.8966586246058345,2.6198849772423505,1.0049475152153522
1.3606833,-0.1667301928579807,2.5576012472867964,1.6891664082549511
1.3706882,-0.9001949820384383,2.2457050431251524,2.111837255427241
1.3806932,-1.4532017895206808,1.7331383825808762,2.312713755775988
1.3906981999999999,-1.6275895113945007,1.1047241596758366,2.271289858497679
1.4007032000000001,-1.2628233023107052,0.4970306532382965,1.7981687808960676
1.4107082,-0.4749102991059422,-0.0730833563894033,0.8917262097049504
1.4207132,0.3861450971990823,-0.484651648658514,-0.2011461658692918
1.4307181999999998,1.1291428538784385,-0.7474591200023889,-0.8621456757597624
1.4407232,1.5441975269585846,-0.5020791687995195,-1.2040102441404017
1.4507282,1.7629115895539522,-0.1238607729464769,-1.7187566598765551
1.4607332,1.7577917623221873,0.3850906197100877,-1.8820508869364856
1.4707382,1.2404366984575983,0.8710369843542576,-2.1517731061048804
1.4807432,0.5381935614928602,1.1824269925594328,-2.160056658064574
1.4907482,-0.0812345141410827,1.4951906272053717,-2.0138262323997913
1.5007531,-0.5681923939153551,1.8429741373062132,-1.6257814390592276
1.5107580999999999,-1.0674576743379234,2.0827239736676213,-1.1664252674378457
1.5207631,-1.4776172688528897,2.2946143277227877,-0.6400576066866517
1.5307681,-1.7571829827740788,2.520958154544234,-0.1294704751875717
1.5407731,-1.8814426919102667,2.7968419650822876,0.4245964084073901
1.5507781,-1.9829796971067783,3.0202625979334115,0.8035571470603347
1.5607830999999999,-1.988995011873543,3.1169401804000136,1.0550203636996447
1.5707881000000001,-1.8401625870168208,3.0932384022951123,1.2228723271291702
1.5807931,-1.6663447739854451,3.031813919517398,1.4764834425173698
1.5907981,-1.4542340551778674,2.8446950186252593,1.636916434927285
1.6008030999999998,-1.2429603717163205,2.562615276056528,1.6897161510922014
1.6108081000000003,-1.139410565392673,2.2078040592759844,1.6675519578181206
1.620813,-1.136823763769865,1.8619874653339383,1.565932827296108
1.6308191,-1.1984519524261354,1.5171236420720815,1.4916734128646552
1.6408241000000001,-1.2839786108031868,1.2417016038268804,1.4638891877517104
1.6508293000000003,-1.244850423246622,0.984372271633148,1.5084545979261397
1.6608343,-1.204137304586172,0.7895639852821826,1.475259745941311
1.6708393000000001,-1.103201187892258,0.6030477264583111,1.3527337287299337
1.6808443,-1.0616557100608943,0.4577700714737177,1.1582419609822332
1.6908493,-1.167863337416947,0.3631616964966058,0.9202005359739064
1.7008543,-1.3116820257648825,0.2213981871128082,0.6461497860819101
1.7108592999999999,-1.461498785483837,0.0303922156542539,0.4177759878028184
1.7208642,-1.583263170672953,-0.2164665759295225,0.2437335905016399
1.7308692,-1.549431920480728,-0.5609837777107953,0.0904650280946865
1.7408742,-1.272115154530108,-0.8848831388771533,-0.0681153769847936
1.7508792,-0.951121159416437,-1.136495262467861,-0.2670359392264858
1.7608842,-0.7602209864199161,-1.447809867349267,-0.3392877036299556
1.7708891999999998,-0.997559962247312,-1.998396754208207,-0.2700463730888441
1.7808942,-1.4983540596723557,-2.722242943432927,0.0417908400277141
1.7908992000000001,-2.1387661788851022,-3.4492321068584917,0.4475600814960896
1.8009042000000002,-2.756836702430248,-4.123115118518472,0.7043095679752528
1.8109092,-2.573958507847786,-4.49617452417314,1.1288310114502906
1.8209142,-1.2222720962136984,-4.564502210468054,1.6741392272539437
1.8309191999999999,0.0360106400579214,-4.552611866188049,1.5738884624756873
1.8409242,1.1387675913140176,-4.419404003703594,1.2500211038827895
1.8509291,1.906977530661225,-4.1206858455449344,1.548730932604521
1.8609344,2.2229373309999705,-3.7716824382603167,1.6081510898225009
1.8709394,2.446865328851342,-3.6339059526860713,1.0264914576992392
1.8809444,2.891898668348789,-3.514665240755677,1.2215423206344247
1.8909493999999998,3.3247137467861174,-2.9206711738467215,1.901178342863172
1.9009544000000003,3.560593463715911,-2.039529559585452,1.7515718648940324
1.9109594,3.5974879008710383,-1.1708224794834852,1.342644150261581
1.9209643,3.320134017780423,-0.3379226258218288,1.0900900696456433
1.9309701000000001,3.0049075001522896,0.5756529390543699,0.7318449328936636
1.9409751,2.8391160494491454,1.5130331578880547,0.164357691572979
1.9509801,2.8419869287103414,2.015491096872091,-0.4768399154616519
1.9609850999999998,2.716761297151446,2.166804524889588,-1.009759883933142
1.9709900999999999,2.2577187215238808,1.9608546667993068,-1.3410136264503
1.9809951000000001,1.4719026905983683,1.4904349571108817,-1.515192381748557
1.9910003,0.588226589423418,0.8055629339247942,-1.6945432789877055
2.0010053,-0.1398109140112996,0.1107452707856893,-1.579306834262609
2.0110102999999997,-0.7813222266376018,-0.3112994073122739,-1.28416828815639
2.0210152999999997,-1.154860355719924,-0.3662801207780838,-0.9606396599985658
2.0310203000000002,-1.1959715337872503,-0.3311930253058672,-0.5874116563113406
2.0410253000000003,-1.047199314685166,-0.2598854464173317,-0.1076627854672726
2.0510303,-0.8586790225625037,-0.0280921220183372,0.3119556792639196
2.0610353,-0.5598053815811872,0.2780225761324167,0.4639894574452191
2.0710401999999997,-0.2326212996557354,0.6014017128169536,0.4026283222272991
2.0810452,0.1455921277612447,1.2307032399505375,0.5335872367411851
2.0910502,0.4126172168001532,2.11894504160583,0.8554894327409565
2.1010552000000002,0.6284779357910156,3.010924860745668,1.3041750111356376
2.1110602,0.6774328130960464,3.6854450012654065,1.74188779848665
2.1210652,0.6244090789169072,4.182306143155694,2.1397434994846583
2.1310702,0.3383163013145327,4.2221395563721655,2.1428170617111024
2.1410752,-0.3298310893028974,3.653352995955944,1.2432616927504538
2.1510802,-0.9328957668960094,2.931550879779458,0.0890644588480703
2.1610852,-1.3327695297181603,2.3801772264569996,-0.5512563105531036
2.1710902,-1.5856062266677615,2.006554341700673,-0.9298727658130228
2.1810952,-1.6274632546663284,1.8120237032473083,-1.091398668026179
2.1911002,-1.5992483830511568,1.720807308796048,-1.263325845005363
2.2011064,-1.5042694211959835,1.7027081730037927,-1.3922203743353485
2.2111114,-1.361226977917552,1.7038772167831655,-1.483242999780178
2.2211164,-1.183316634875536,1.6451128931254146,-1.6221102032005783
2.2311214,-0.9535928102269768,1.5501988131999969,-1.616895829553157
2.2411263999999997,-0.7102832355573773,1.4280968666195868,-1.425746796362102
2.2511314,-0.5602893657058478,1.3196049277186392,-1.2085412386335432
2.2611364,-0.4778133270710706,1.2338327701479197,-0.9788108381137252
2.2711414000000003,-0.4625058678239583,1.0552776994615791,-0.7707057016856967
2.2811464,-0.6467305085793137,0.8472223935246467,-0.6925530792079866
2.2911514,-0.9170172297626732,0.7251929276585578,-0.6676368107467889
2.3011562999999997,-1.2794587952911851,0.6255769536525011,-0.5033279998168348
2.3111612999999998,-1.6758315642550587,0.4872013331413268,-0.2800095121659338
2.3211663000000002,-2.1023381901979445,0.2847667896956205,0.0172730602316558
2.3311713000000003,-2.446363516809046,-0.0179161804407835,0.3275748348087072
2.3411763,-2.678273453325033,-0.4676847317665815,0.5598843651015312
2.3511813,-2.59917507442981,-0.685734777495265,1.3626266155824065
2.3611863,-2.4095605573296544,-0.9388649044334888,1.7767735261678694
2.3711913,-1.8653730161190032,-1.1791636068493128,1.8856334215983748
2.3811963,-1.3944310361221433,-1.4872814615160226,1.721434939175099
2.3912013,-1.4748141941308974,-2.070097131806612,1.0282366208661349
2.4012063,-2.0354449206203222,-2.7030045744776725,0.4209710575170814
2.4112113,-2.6677280939131975,-3.27191037735939,0.1396702999642118
2.4212162,-3.033642888510227,-3.5465970870673655,-0.2530730447224341
2.4312212,-2.313539685206115,-3.646407706862688,-1.1232879173051564
2.4412262,0.2004474612817168,-3.929291167029738,-1.5951912166148423
2.4512312,2.51087573646903,-4.403268861460686,-1.315006494012475
2.4612369999999997,3.033806554639339,-4.704233337241411,-1.2607717766083777
2.4712430000000003,4.15120431792736,-4.920083242577314,-1.0321005297526715
2.481248,5.682323167604208,-5.497902419754863,-0.3122087772421538
2.491253,4.9812499512016775,-5.9177294218033545,0.1589882186953909
2.501258,2.725446707910299,-5.369216418609023,0.0185144020622596
2.511263,1.3372425834789872,-4.017028487193584,-0.4666956111313775
2.521268,1.1912880521461366,-2.115049787732959,-1.5774676361367106
2.5312729999999997,2.3604735780775545,0.3844704419851303,-1.789201046064496
2.5412779,3.761336693073809,1.728500785908103,-2.1755368435300886
2.5512829,4.008324663995206,2.257425291535258,-2.9607524243444203
2.5612877999999997,4.095159190100431,2.567437581646442,-3.234593915399909
2.5712928,4.01986195705384,2.597249367064238,-2.502447807602584
2.5812978,3.01034384598732,2.237308970701694,-1.5914067296400665
2.5913028000000002,1.6356807556524873,1.7106185077369211,-0.633607334568724
2.6013078,0.3497378590390086,0.8833212963879108,0.11097356311623
2.6113128,-0.6660057024136186,0.2080290024518966,0.6178006205625832
2.6213178,-1.3060139170005918,-0.1938344728827476,1.0658471704013646
2.6313228,-1.6267603670939803,-0.593791822335124,1.1777901265390216
2.6413278,-1.6348574565708636,-0.8144973510086536,1.148416294147074
2.6513328,-1.2628034285664558,-0.7391554020375013,0.6149211196035146
2.6613378,-0.7237237318888307,-0.3524620233058929,-0.0514808064529206
2.6713428,-0.011240355938673,0.2938186956793069,-0.7126113131787628
2.6813478,0.5367667435601353,1.023642205747962,-1.2879914997063575
2.6913527999999998,0.8256360001385211,1.6706155831724403,-1.688991051688045
2.7013578,0.8994234131440519,2.170413363036513,-1.9265935007572172
2.7113628,0.7796458178579807,2.465061495277286,-2.0076324923262
2.7213678000000003,0.5582184046506882,2.695172565677762,-1.946680595496297
2.7313738,0.1777811637043952,2.8784453125357627,-1.7317996813230216
2.7413791,-0.3777674372151494,3.0224814430266616,-1.3379121533036231
2.7513841,-0.9471347201287744,3.179713739699125,-0.8005717015087604
2.7613890000000003,-1.5109692110955717,3.357248819687962,-0.0108867201954126
2.771394,-1.8968983274564144,3.540139289230108,0.6817049374572932
2.781399,-2.0765116750240327,3.700091366255283,1.0276252109695223
2.791404,-2.161846025699377,3.733114514935016,1.2305683615244924
2.801409,-2.21092774425447,3.599481705036759,1.3153471241436898
2.811414,-2.1332661201640963,3.318147812399268,1.4472116091951728
2.8214189999999997,-1.8914976374566552,2.9601328311413524,1.5852042217381297
2.831424,-1.5684414491161702,2.4949907695949074,1.714372161182016
2.841429,-1.2865367708534,1.9682816019296645,1.6197015346236523
2.8514340000000002,-1.0641954576715826,1.475349031659961,1.4502055303141477
2.861439,-0.9292994959697128,1.0862240418672562,1.348917531442642
2.871444,-0.7187760463535785,0.8702595702409743,1.2499888090483844
2.881449,-0.522925265212357,0.7970750915646553,1.2489723254822194
2.8914539,-0.4085223487019538,0.7739081509888172,1.269565470047295
2.9014589,-0.4545777051731944,0.6605313626557588,1.2862412950381636
2.9114639,-0.8422259004116058,0.5428332039922475,1.1095786870349198
2.9214688,-1.1749112101018429,0.3637830432653426,0.8171503497354686
2.9314738,-1.3518749199435114,0.1100795003533363,0.5988730345895513
2.9414788,-1.4825798596963289,-0.3361626304119825,0.3839278230084106
2.9514838,-1.4890005403935909,-0.8593751881331205,0.1459629521013237
2.9614898,-1.290371526710689,-1.3898299720674752,-0.1113573565357364
2.9714948,-1.1535200470268725,-1.8953285939216613,-0.2838767455207184
2.9814998,-1.469690275245905,-2.4291379489809275,-0.4995229815106838
2.9915048,-2.079894010938704,-3.0473639553487297,-0.693410280559212
3.0015098,-2.6200249702349305,-3.906770123142004,-1.0480779241506009
3.0115148,-3.0575816902413964,-4.694057395663857,-1.4234988713048398
3.0215198,-3.3023505238085984,-4.978729492813349,-1.5901323257900777
3.0315248,-3.135901778240502,-4.603309787768125,-1.5354577556639908
3.0415298,-1.693651298584044,-3.4826194126754997,-0.5796499728012829
3.0515347999999998,-0.2550023505508899,-2.507679570776224,0.159400671953801
3.0615398,0.9961682156279682,-1.8404630312681196,0.4276165599461645
3.0715448,1.9933950003981589,-1.9964707545816895,1.438103442979604
3.0815498000000003,2.4913304935216902,-2.3183675437539812,2.282854477954656
3.0915548,4.108901299726963,-2.387630465072393,1.9549398897975685
3.1015598,5.887798978441953,-2.6951918549001217,1.6133929359987378
3.1115648,6.3962418370544905,-2.799065486350655,1.80438853219375
3.1215698,5.822670380449295,-1.9872154349803923,1.5917119961969552
3.1315748,5.102885449314117,-0.7162678629249334,1.1739009370807558
3.1415797999999997,3.798137898987531,0.1283130761802196,0.7964894736964255
3.1515847999999997,2.8532112102970477,0.8458131112486124,0.3167042985631152
3.1615898000000002,2.796724476182461,1.5556027180701493,-0.0674749053904786
3.1715948000000003,3.19417714933753,1.72458974994421,0.1252728682341054
3.1815998,3.312863734516501,1.197087386074662,0.3401358814245089
3.191605,2.838628558193147,0.3116594727963209,0.4936006422569975
3.2016108,2.17700209377706,-0.532546787777543,0.73595470630005
3.2116157999999997,1.404737033820152,-1.290464757952094,0.5323680336771532
3.2216208,0.7492480492457747,-1.518978330028057,0.4455712457664311
3.2316257999999998,0.146102707631886,-1.270488722372055,0.5860553097989409
3.2416308000000003,-0.4957271694242954,-0.9293073870152234,0.4649963329328224
3.2516358000000003,-0.9846683319702744,-0.4199848229587077,0.3949724737118929
3.2616408,-1.5267416575059294,0.0600894347816705,0.3299664791855961
3.2716459,-1.9170310149028895,0.544911763831973,0.2133674956693314
3.2816509000000003,-1.8365140013813972,1.1147358506023883,0.2290402993638068
3.2916558,-1.4942714665338397,1.8257500307828187,0.0920137553740292
3.3016607999999996,-1.0935226744428277,2.7942852663367983,0.1181393448260612
3.3116658,-0.7051552250191568,3.81817004866898,0.4296714466493576
3.3216708000000006,-0.3223319657191634,4.668305114769935,1.07230577195622
3.3316758,0.0188055304959416,5.194025855919718,1.814061784946173
3.3416808000000002,0.1400757024273276,5.248212204137444,2.2066284396253524
3.3516861,-0.0488075777888298,4.753351296153665,2.00986098203063
3.3616911000000003,-0.4337631729423999,3.843270003134012,0.9564710690770296
3.3716961,-0.8415420098006725,2.9476205555707216,-0.1201532145322766
3.3817011,-1.2289628260239958,2.224475208091736,-0.7782841010507195
3.3917061000000004,-1.6188336657479403,1.7862451188683508,-1.0965423875901847
3.4017111,-1.83196729786247,1.5630536185979842,-1.2345343425460158
3.4117161000000005,-1.914540951652825,1.5248556976288556,-1.3191896249160169
3.4217211,-1.8146949682831763,1.561280179184675,-1.4200890628613532
3.4317268,-1.445183025977015,1.4801608158558606,-1.5116316205270588
3.4417318000000003,-0.9710051327988504,1.2115905432015657,-1.5790255331031977
3.4517368,-0.4693301608860492,0.8809083900272846,-1.6013709281630812
3.4617416,-0.0693225425511598,0.5762970821768045,-1.5949670524701476
3.4717466000000003,0.0543380316480994,0.4723188213080167,-1.491788709807396
3.4817515,-0.1263902914240956,0.5736614729762077,-1.3735183042138814
3.4917565,-0.4635673595756292,0.7097685640335083,-1.15841614850536
3.5017614999999997,-0.9576125672623514,0.6499421641021966,-0.9742891959708184
3.5117665000000002,-1.49825235286355,0.5009674081653356,-0.8620114549208432
3.5217715,-1.9308561266377569,0.2995487637639045,-0.6050939549310133
3.5317765000000003,-2.2199279200509188,0.0673158789038658,-0.1489619055884424
3.5417815,-2.4165140297293664,-0.1817670184701681,0.3431717054564505
3.5517865,-2.482325057028234,-0.4377285694420337,0.8759070746086537
3.5617915000000004,-2.1900456997454163,-0.682068071681261,1.449957985293865
3.5717965,-1.8797487474739552,-0.9658329908579588,1.485394478725642
3.5818015,-1.7861355210140346,-1.3229624214529991,1.2587135289043188
3.5918064999999997,-2.1478902733221648,-1.8900690659582613,0.8827052103161811
3.6018118,-2.6839137972995637,-2.604224466773867,0.5210434700537473
3.6118167999999997,-2.8610873504996297,-3.3325591995894905,0.4097076494963839
3.6218218,-2.783870547567308,-3.8207548044651745,0.3592637757426127
3.6318268000000002,-2.342748244033754,-3.862288591858744,-0.2079459090120159
3.6418328000000004,-0.2410217559933662,-3.773156602466106,-0.7926553754262625
3.6518378,2.599130066244304,-3.9572628775388,-0.7852567165423184
3.6618428,3.377521792387962,-4.273545333960652,-0.8793868795484304
3.6718477999999997,3.3899463896751403,-4.397561005207896,-1.0423292244307696
3.6818527000000003,4.3960219590723515,-4.769758825597167,-0.7516380131222308
3.6918577,4.294942634515464,-5.420851913300156,-0.3859958249215036
3.7018625999999997,2.504665775913,-5.2775657243937255,-0.320094708186388
3.7118676,1.1278820401623844,-4.221088001492619,-0.4507948986988514
3.7218725999999998,1.2751692814037203,-2.7287475030213595,-1.2035054364234208
3.7318776,2.221560197427869,-0.8677993176072836,-2.281220593142509
3.7418826000000003,3.528052253334224,0.7459715117931366,-2.4696108291447163
3.7518876,4.256798781821131,1.7046014394044875,-2.5784762775331735
3.7618926000000004,4.159424449262023,2.309087674233317,-2.7673586809664963
3.7718976,3.967984470300376,2.665936534321308,-2.786293683061003
3.7819026,3.669531977340579,2.7132266932845113,-2.05710028758943
3.7919075999999996,2.6611130596876142,2.311686458554864,-0.9391275739576668
3.8019126,1.179744913868606,1.5755325764209032,-0.1228364714000374
3.8119176,-0.2413213234618306,0.8721709568202495,0.6089416798677295
3.8219225999999997,-1.1797948904901745,0.3909697408765554,0.9671211309723556
3.8319275,-1.3767293752148746,-0.1081868184745311,1.084028139258176
3.8419325,-1.5960042865633963,-0.6716606594353914,0.9720394442826508
3.8519374999999996,-1.428458393408358,-1.1194313149422406,0.5229300144527107
3.8619435,-0.8343044597625732,-1.2099573890417814,-0.0736423602453432
3.8719485,-0.1471650761663913,-0.8966729453921317,-0.6666778295215219
3.8819535000000003,0.6587699059411883,-0.2634276490688323,-0.9109460931554436
3.8919585,1.2520607930168508,0.5891986493259668,-0.930612770525366
3.9019635,1.447130945174396,1.3127432252556084,-1.0083676989223809
3.9119684999999995,1.3117457386508584,1.8809657220482825,-1.1728430985908955
3.9219735,1.066061543804407,2.3083201969921587,-1.2843534354649484
3.9319785000000005,0.6766860863819718,2.634402747416496,-1.191330722244084
3.9419835,0.144573306107521,2.956560817873478,-0.9789191938590258
3.9519885,-0.610979688501358,3.201238173764944,-0.6390743678029627
3.9619934999999997,-1.379069508600235,3.443727079701423,-0.2108746559402905
3.9719985,-1.9149664835885165,3.7095705577403306,0.2635458686210215
3.9820034,-2.2549521794199943,3.802145965585112,0.6025904842101037
3.9920084000000005,-2.4395514987066385,3.89924265024662,0.8952355330001562
4.0020134,-2.4135887899324295,3.94120489218533,1.2275611425325277
4.0120184000000005,-2.214774775071442,3.823234346321225,1.5604783612824975
4.0220234,-1.9293235102429984,3.5569331876426933,1.859413669323176
4.0320284,-1.5837956701144575,3.1152579264014957,2.013266406559944
4.042033399999999,-1.2441449053257705,2.5580595124483105,1.9885406922347844
4.0520384,-0.976912603276968,1.969304515236616,1.7857364386938512
4.0620446999999995,-0.7977955147936939,1.4515776954501869,1.5777257025510072
4.0720497,-0.5998842939913273,1.1399760903209448,1.4368313772171737
4.0820546,-0.5483686262875795,1.0047802688896657,1.3163869885854422
4.092059600000001,-0.5855307744681835,0.933928032553196,1.1311406035669147
4.1020646,-0.7700260488584637,0.8529144676864147,0.8986516981191932
4.1120696,-0.9912594007983804,0.6834639099538325,0.67536294801943
4.1220745999999995,-1.2746081403896212,0.4747124384462833,0.3454584281541407
4.1320796,-1.5458710131287574,0.2184206326067447,0.0328399741325527
4.1420846,-1.61510441609174,-0.0966366659343242,-0.2181569219029508
4.1520896,-1.536772345393896,-0.5048959797859192,-0.4545709101062268
4.1620946000000005,-1.2794132025837897,-1.015177159741521,-0.6329381300702691
4.1720996,-0.9854875393986702,-1.7336539308875798,-0.6578264876112342
4.182104600000001,-1.031448787845671,-2.5649159542143343,-0.4963921361390501
4.1921096,-1.5769570562660693,-3.373542367362976,-0.1196675773066468
4.2021146,-2.342406006467342,-4.098831741133332,0.1706318764716386
4.2121195,-2.81758693920821,-4.666339952176809,0.2724312954640016
4.2221245000000005,-2.3102008961722253,-4.802926935705543,0.8087799232099204
4.2321295,-0.868384131757915,-4.811441081550717,1.4089993674397467
4.242134500000001,0.4709025247693061,-4.64229739781022,1.4109732978612184
4.2521405,1.6938564657673238,-4.335599931335449,1.2148943339873104
4.2621455,2.723148952361941,-3.991014925014973,1.7311093609713015
4.2721505,3.530191311189532,-3.584938800421357,1.945725486728549
4.2821555,4.443182938697934,-3.427738652452826,1.6421261323995888
4.2921605,5.117454657414555,-3.3868852485388516,1.6662772617071866
4.3021655,5.192877270406484,-2.750262584736943,2.0484680683225394
4.3121705,4.787225508704781,-1.6448779153257609,1.879891224684566
4.3221755,4.508178265699744,-0.5980465571701526,1.4976456191420555
4.3321805,4.177506341658533,0.2856955949783325,1.03063469498381
4.3421855,3.464580482637882,0.9971224476128816,0.3260835002724081
4.3521905,2.8209230978935955,1.4245043950855731,-0.2496814477890729
4.3621954,2.466590020018816,1.7928811958819626,-0.7510970381133258
4.3722004,1.8765344616025683,1.8700556209772825,-0.9633309449091552
4.3822054,1.1664911722809077,1.599339568465948,-1.1456390114534645
4.3922104,0.4653405067279935,1.07705990768075,-1.2924644073367118
4.4022154,-0.1243599546402692,0.482948936393857,-1.4817626980945466
4.412220400000001,-0.3213578599900007,0.045586277654767,-1.5994667019769548
4.4222254,-0.2758300345242023,-0.100309216967225,-1.4919903698593378
4.4322304,-0.1896387747585773,-0.0100964466005563,-1.2698454560324548
4.4422353999999995,-0.1430842365935444,0.1664472842633724,-0.948754722546041
4.4522414,-0.2589572256565093,0.3545201248794793,-0.4592181513901799
4.4622464,-0.4118021010249852,0.4975514622420072,0.071271028004121
4.472251099999999,-0.3635071489334106,0.8136702525347471,0.6421672192517668
4.4822561,-0.4177414279460906,1.2620108168840407,0.9970277550667525
4.4922611,-0.2384384615018963,1.741843082562089,1.0750323473758996
4.5022661,-0.0669169427141547,2.3182898023426532,1.1903603428419678
4.5122711,0.0700543639570474,2.879783283141255,1.5060048666864632
4.5222761,0.0902729761213064,3.4343946032106873,1.8911016238763927
4.532281299999999,0.0337120077267289,3.89517671598196,2.2949594878986477
4.5422863,-0.0578209053277969,4.0867426594108345,2.4121307000786065
4.5522913,-0.3070715604841709,3.9048090522021055,1.9961635883286597
4.5622963,-0.7777180646657943,3.1245816350638864,0.7095180233385413
4.5723013,-1.2091443190932274,2.3994769702106713,-0.4290066991303116
4.5823063,-1.5194392255380749,1.8676216718286272,-0.9903737040050328
4.5923113,-1.6993796131029724,1.569280530288815,-1.2639422233380375
4.6023163,-1.7336641600206493,1.4213865553259848,-1.4408752457804976
4.6123213,-1.7076260479226708,1.3519441857874392,-1.6069950516551732
4.6223263,-1.630720210635662,1.2421417488098143,-1.805256693330407
4.6323323,-1.500375628627837,1.113061779910326,-2.007630446499586
4.6423372999999994,-1.3363392048984766,0.9084346948564052,-2.059298674416542
4.6523423,-1.1489970166444778,0.7191495558410883,-1.950169314394891
4.6623472999999995,-0.8762684552669525,0.5379021773308515,-1.7732035587266086
4.672352200000001,-0.6878285349041223,0.4080816191971301,-1.7183866575203834
4.6823572,-0.6323711438372731,0.464599040710926,-1.715858892608434
4.6923622,-0.7561117975354195,0.5983271276772022,-1.6166091215662657
4.702367199999999,-0.999438031078875,0.6661410192310809,-1.391575938951969
4.7123722,-1.4608955588936805,0.8067752323240042,-1.1271763761110605
4.7223771999999995,-1.937425568155944,0.8857879787623881,-0.6874556830037385
4.7323822,-2.331196337927878,0.8805413102805614,-0.0809816536248661
4.7423872000000005,-2.5157041795387864,0.7781190466821193,0.5369095495643094
4.7523922,-2.4550600334838033,0.6172194596737622,1.139314922998473
4.7623972000000006,-2.0940221972733735,0.4746352815568447,1.64673947141394
4.7724022,-1.5648396252319217,0.204626500532031,1.6958602068051696
4.7824074,-1.3842270374938843,-0.3192079884797335,1.5844854059442877
4.7924124,-1.8656863198518752,-1.1478057610332966,1.4471788759693502
4.8024174,-2.6981659022748468,-2.1944529947936533,1.2845216316387056
4.8124232,-3.3788509951651093,-3.238838128840923,1.172987840823829
4.8224282,-3.698155137495697,-4.05060634714663,1.131941617751494
4.8324331,-3.533024196527898,-4.381621093276143,0.6897580416619777
4.8424381,-1.8108152042403816,-4.21482017326951,-0.3245313754595816
4.8524431,1.7817375783160327,-4.187763239517808,-0.8356486409131437
4.8624481,4.190486234740913,-4.505940131384134,-0.9859922740504145
4.8724530999999995,4.034249378846585,-4.82098515496552,-1.504964709983766
4.8824581,4.367439715449512,-5.368119271022081,-1.39858669449687
4.8924631,4.553437211096287,-6.0060822435170405,-0.9648252020549029
4.9024681,2.9046295551061627,-6.012859774827957,-0.7314739076241851
4.9124733,0.8909192041710019,-5.019669990488887,-0.7989701115310192
4.9224783,0.2491433953896164,-3.3737574714183807,-1.486993584485352
4.9324832999999995,0.937245486538112,-0.6185767195016145,-1.962066380676627
4.9424883,2.432972704838216,1.5872773747503757,-2.1827833075270053
4.9524932999999995,3.6106501647830007,2.3904724105000494,-3.1880507754117247
4.9624983,4.343487177453935,2.727314255347848,-4.165960865293443
4.9725033000000005,5.074073196327686,2.8440643195062876,-4.38007795548737
4.9825083,5.157572148269415,2.795297073727846,-3.222788326793909
4.9925143,4.016894339419901,2.2075901242643594,-2.333297694121301
5.0025193,2.5459166547119616,1.3954331989020108,-1.4279961827240883
5.0125243,0.8859528139352798,0.3878378725916147,-0.5619891188284382
5.0225293,-0.4975710437253117,-0.3309568784624337,-0.0782383645324036
5.0325343,-1.3844377576351166,-0.858266350108385,0.8791854386921971
5.0425393,-1.8919956501066684,-1.3680816661179065,1.7957364391826092
5.0525442,-1.9215575524166224,-1.4648562792181967,2.0122676047809422
5.0625492,-1.400884157784283,-1.157631573998928,1.3686556666135787
5.0725542,-0.4367234840527176,-0.646793344682455,0.3135124437192454
5.0825595,0.6928206441029906,0.1478191561609506,-0.1801038162319921
5.0925645,1.359910050100088,1.0878343996733426,-0.388371687207371
5.1025694999999995,1.562194371420145,1.8085434599161148,-0.5614361976534128
5.1125745,1.4891525160849093,2.190503964906931,-0.8536866941679269
5.1225794,1.2406453727722166,2.566734986335039,-1.114984929992631
5.1325844,0.7404249835819006,2.814786202573776,-1.432224906335026
5.1425894,0.1503308467209339,2.9777549970716235,-1.519076091314107
5.1525944,-0.5356000378683209,3.13186770041883,-1.307913905403018
5.1626002,-1.2662486005842686,3.259965672543645,-0.8176407636009156
5.1726052000000005,-1.876213851346075,3.306695859536529,-0.2387604234652593
5.1826102,-2.30664934117049,3.3468256253510713,0.3269001138849183
5.1926152000000005,-2.5615628443941474,3.3249767816364764,0.6953235668346286
5.2026202,-2.5578642821371553,3.3309599476993084,0.8240151209384202
5.2126254,-2.3422134065046905,3.315782836833596,0.8628561621166765
5.2226304,-2.0255945577353236,3.3015327776849266,1.090688912321627
5.2326354,-1.612724827478826,3.1905747409313916,1.32229869684726
5.2426404,-1.2470637153819202,2.8280618637323376,1.532594767448306
5.2526454000000005,-0.967001742376387,2.3472867642462254,1.6351804049149157
5.2626504,-0.7281400870263576,1.8427280535906552,1.604829982575774
5.2726554,-0.6143164317086338,1.4515204123049974,1.4765338575303553
5.2826603,-0.5655056390494108,1.2448100912362337,1.3756000789240002
5.2926653,-0.5690390738725661,1.1675415581166744,1.354569711985439
5.3026703,-0.6104799222856759,1.089997130665183,1.3108740703828632
5.3126753,-0.680052055683732,0.8864023112684488,1.1899290387526154
5.3226803,-0.931031434328854,0.4931558576315641,0.9276879691198467
5.3326853,-1.2885299904972314,0.022676526710391,0.586712750794366
5.3426911,-1.564363239891827,-0.5235486578077078,0.2212651718502864
5.3526963,-1.608338282957673,-1.0088310055851937,-0.0886130800850689
5.3627012999999994,-1.5339751158908008,-1.3791577714055776,-0.3222320490086451
5.3727063,-1.443505448153615,-1.6699100652515888,-0.5808853598151356
5.3827112999999995,-1.3589520187228916,-1.9107184707552192,-0.8282124264977871
5.3927163,-1.5475561897367238,-2.161602864593267,-0.9051672174930572
5.4027213000000005,-1.922369745582342,-2.582635735300183,-0.6410494672682135
5.4127263,-2.3341434972956776,-3.0347669241040944,-0.27024216965558
5.422731300000001,-2.65280291198194,-3.368150737452507,0.0825161331831477
5.4327365,-2.3836665298774835,-3.3584424133867024,0.6412695397596806
5.4427415,-0.9807231014758347,-3.13681100203991,1.5983071566782892
5.4527465,0.0258574948340654,-3.417864324170351,1.4527766959764064
5.4627515,0.96975659404248,-3.8903310295164584,0.8094297654207795
5.472757,1.724798424258828,-4.0074171937614675,1.4964049714311956
5.482762,2.3351263708531853,-3.791066937687993,1.8446759727880355
5.492767,3.480233394321799,-3.608407938814163,1.5659849958747625
5.502772,4.78980149667263,-3.680145141291618,1.7737313819929956
5.512778,5.344537904426455,-3.301509981331229,2.2348006411425767
5.5227829999999996,5.375869446757435,-2.384527822881937,2.129253231260926
5.532788,5.12180993001461,-1.3055448381841182,1.7916538460440932
5.5427930000000005,4.582236020079255,-0.3696376145124435,1.4367144728392365
5.5527979,3.8270717325270174,0.4970288996726274,0.6560533404588699
5.562802899999999,3.3867309347599743,1.293681381911039,-0.2278105383731424
5.5728078,3.2049387818485497,1.671599333512783,-1.123302530352399
5.5828128,3.051555854080618,1.7379560119956732,-1.629395391772687
5.592817800000001,2.5693878389313816,1.5704197634518149,-1.6665923190057277
5.6028228,1.7183876804336904,1.1091185952425002,-1.8713937377132477
5.6128282,0.8150649217635393,0.5475152243286371,-1.9631540297828616
5.622833099999999,0.0281157951548695,0.0009352350234985,-1.9200887950383123
5.6328381,-0.5558019911587238,-0.3167079883575439,-1.6479370106354354
5.6428431,-0.74693480386734,-0.3685264384001493,-1.2955289094738662
5.6528481,-0.7294792266756296,-0.230432557439804,-0.8700915201976894
5.6628531,-0.7369774734765291,0.0605927081286907,-0.2617097027024254
5.6728588,-0.903550722207129,0.3590279576927423,0.3796942040266469
5.6828638,-0.9448802192002534,0.6264250949144363,0.9133098266121
5.6928688,-0.7010439903080463,1.074231990778446,1.3899018682599067
5.7028738,-0.4271533994138241,1.7465771253466604,1.6471517054766416
5.7128788,-0.2033276928931474,2.493528295826912,1.7748345209293066
5.7228838,0.0220502115055918,3.2126211530447004,1.9108613863572477
5.7328888,0.0340799642562866,3.7490380602538584,2.174355524791032
5.7428938,0.0310226225122809,4.10888844024539,2.4712930831432343
5.7528991,-0.0676905574351549,4.145286618316173,2.4608739804595707
5.7629041,-0.4940174428969621,3.693701957479119,1.7105336059324443
5.772909,-0.9770417826145886,2.9609014774262903,0.5799535588577389
5.782914,-1.267758420625329,2.2896792094081637,-0.2616059865996241
5.7929189999999995,-1.3886562521129846,1.7917706042915582,-0.8374811170373111
5.802924,-1.3778379209786653,1.494382817953825,-1.212722177579999
5.8129290000000005,-1.2758838594138622,1.381834881660342,-1.5035349694415927
5.822934,-1.1585931125074624,1.3225024027258157,-1.816248189074546
5.832939,-1.0004401938587426,1.3333219029039145,-1.9572204019501804
5.8429448,-0.8988888678759336,1.2816776403844357,-1.9617646212510764
5.852949799999999,-0.8131523661404848,1.1092302389234303,-1.9143411912970243
5.8629548,-0.6934104266896843,0.8707651816755533,-1.7980641514778135
5.8729598,-0.5379881020486355,0.6665870094329118,-1.5486366784498096
5.882965,-0.360311567762494,0.493005050984025,-1.3586787547394632
5.89297,-0.3537695987731218,0.3842635212361812,-1.276483725003153
5.902975,-0.5571069362774491,0.3031950113117694,-1.305704558790475
5.91298,-0.7388081960350275,0.3493909452974796,-1.096622467089072
5.922985,-1.1202017147928476,0.4072019137531518,-0.8694877090856432
5.932989900000001,-1.5962594303682445,0.3579302255839109,-0.6154708624407649
5.9429949,-2.103846256673336,0.301892112019658,-0.1635453705430962
5.9529999,-2.5804721275255083,0.2897942624688148,0.3888645122256129
5.9630052,-2.8995009600460526,0.2846656674087047,0.8998351357501
5.9730102,-2.687139773608744,0.2229208666354417,1.3443106221690773
5.9830152,-2.017456843987107,0.1490747091799974,1.4929348111025988
5.9930202,-1.32040572270751,0.0167296010047197,1.4234075397595762
6.0030251,-1.0931950499236582,-0.4491156403750181,1.1433473203197122
6.0130308,-1.5871882351621984,-1.1728384954810145,0.8693180516071617
6.023035800000001,-2.307548335836828,-2.029626589730382,0.5870286118105054
6.0330408,-2.7701816294327375,-2.74198809286654,0.3999110260926187
6.0430458,-2.942052692310512,-3.234137988325953,0.2049293559361249
6.053051099999999,-2.4466017094790935,-3.559508006566763,-0.4658718371257185
6.0630561,-0.3457657405376434,-3.842861422333121,-0.96452541539073
6.0730611,2.1326851054057476,-4.198618395531177,-0.7408007580917328
6.0830661,2.809504755039513,-4.306126584091782,-0.7632440605681389
6.0930711,3.3539430561408397,-4.073459399467707,-0.6457417167376727
6.1030761,4.648858656021952,-4.2263890305101866,-0.3671555519057438
6.1130811000000005,4.4055917514503,-4.808903087505698,-0.3308289047012105
6.1230861,2.8577947386950253,-4.937067110604048,-0.5001801302451641
6.1330911,1.4836276151835917,-4.058169475877285,-0.2994056472324766
6.1430961,0.8540022629231214,-2.7107874834388492,-0.6330978506766259
6.153101,1.1432499974250794,-1.036231053686142,-1.6023171229720117
6.163106,2.324571074569225,0.3504202883452176,-2.451222793408483
6.1731118,3.384840590968728,1.4403630584746598,-2.9856802371129394
6.183117,4.021260425674915,2.3129677305370566,-3.341417336566746
6.193122000000001,4.6620799566447735,2.8764269584506748,-3.14239523191303
6.203127,4.66139606603384,2.9293226823359726,-2.371240617416054
6.213132,3.5202743128091094,2.568472769913077,-1.5085159727245567
6.2231369999999995,2.1624361005470156,1.9834236414819957,-0.5843102562298997
6.233142,0.7983049256205559,1.273763798519969,0.4672482035128399
6.243147,-0.2698965528219938,0.6206891816109419,1.073608452052623
6.253152,-0.9017866351440548,-0.0223339968830347,1.2565525514781477
6.2631570000000005,-1.1493372083842754,-0.5818213985562324,1.328216104197502
6.273162,-1.13286070535779,-1.0594476786226033,0.942343832590431
6.283167000000001,-0.7367009946227073,-1.2117770056843755,0.2291082500334829
6.293172,0.0073322425842285,-1.113394957387447,-0.3473705453857779
6.303177,0.7437301626071333,-0.7103940024554729,-0.8258415326479822
6.3131819,1.2420692680954932,0.0134971949547529,-1.025842273075506
6.3231869000000005,1.4880083144858478,0.7488461904466152,-1.078655579374358
6.333193,1.3854559947669505,1.3450380596607925,-1.2745467655912042
6.3431979,1.115562364554405,1.802207242631912,-1.51548522721529
6.3532032,0.843182178223133,2.2140052520036697,-1.668617833483964
6.3632082,0.3806371474325656,2.531628017118573,-1.5676370008654892
6.3732132,-0.2624289934203028,2.757435837367177,-1.270658233720064
6.3832182,-0.9652885087177157,2.9544612152457237,-0.7856650050822644
6.3932231999999996,-1.5939280648112295,3.114686263993382,-0.2883008455732837
6.403228199999999,-2.0166335449054835,3.2575901755839585,0.1583417192190885
6.413233100000001,-2.265493739439547,3.33808059335947,0.5294141888402402
6.423238100000001,-2.3557199538096785,3.356445686611533,0.7297627197921276
6.4332431,-2.259540676254034,3.3315362862825393,0.8936327009133994
6.4432481,-2.0582681623250245,3.252090993645787,1.1285288136333227
6.4532531,-1.7527336021497844,3.021781185802817,1.3196867607831957
6.4632581,-1.3911954152017831,2.657044202813506,1.458749779036641
6.4732620999999995,-1.0549477368548512,2.1354536933362485,1.4448472181513905
6.483267100000001,-0.7453755917266011,1.5588006373286247,1.3360092422917484
6.4932721,-0.4486404240787029,1.1552414639919997,1.252502399304509
6.5032783,-0.2278708902582526,0.8506599667578935,1.2386968690529463
6.5132833,-0.1127811605274677,0.6786106247037649,1.2279948577746749
6.5232883,-0.1196764729991555,0.5254033457636833,1.1773911903493106
6.5332932999999995,-0.2439294601336121,0.2751326999098062,1.0638166874870658
6.543298300000001,-0.5907099306717515,0.015839374166727,0.8252665823042392
6.5533033000000005,-1.0208125352799893,-0.2194575744390487,0.6361774042524397
6.5633083,-1.4203230177477002,-0.3979448405861854,0.4146018878113478
6.5733133,-1.6481795872196554,-0.5147299760580063,0.1509234788518399
6.5833183,-1.6044351380392907,-0.4598007005184888,-0.1056681867171078
6.5933233,-1.30771429117769,-0.3281266234725714,-0.3094158951206132
6.6033282,-1.023444345088303,-0.199529469653964,-0.5016475724492222
6.6133332,-1.055005896782875,-0.2785503993988037,-0.6339305751737206
6.623338200000001,-1.367726276808977,-0.7275958971470594,-0.7001942416109145
6.6333432000000006,-1.795656505814195,-1.367905725029111,-0.6158364808827639
6.6433482,-2.2264096832856533,-2.1552742460936307,-0.484619061563164
6.653353200000001,-2.517771048940718,-3.0182839913368222,-0.4509340149085968
6.6633592,-2.658237211990356,-3.778218562030792,-0.5087055646693334
6.6733642,-2.4180279414236545,-4.096928537860513,-0.4398924694776535
6.6833692,-1.2379375751182435,-3.708851011294126,0.1690985659571364
6.693374199999999,-0.005464402885735,-3.0116093358784912,0.8078518485795706
6.7033792000000005,0.911062705272436,-2.4802128871798512,1.0746614682368931
6.7133842,1.5025088412642478,-2.2663830894947052,1.6927226394318042
6.7233892,1.8767063110381363,-2.3429706546127793,1.958841573411226
6.733394200000001,2.5623683155581354,-2.6360563598424194,1.4015999048382044
6.743399200000001,3.487461592009663,-3.224571118557453,1.187793341898173
6.7534042,3.9812461029335857,-3.429119293156266,1.5496142913103104
6.7634091,4.078274106273055,-2.9827520747065543,1.7946521510772406
6.773414100000001,4.108537727111578,-2.223237775251269,1.7737128234229982
6.783419100000001,4.087674679563939,-1.2889566914767026,1.6691101470455527
6.7934241,3.818723006376624,-0.1849514937251806,1.2995441364645957
6.8034291,3.7450615578383206,1.0948960086226462,0.7136196134384721
6.8134350999999995,3.644631637100875,2.087132437759638,0.1902842330552637
6.823440100000001,3.605968728968501,2.5077573121875525,-0.3448418306257576
6.8334451000000005,3.1913264360815283,2.51169523615837,-0.5239881452035159
6.8434501,2.125713805088401,2.204226200789213,-0.5236919387359171
6.853455100000001,0.9766808403477072,1.628304381665587,-0.7368006556048989
6.8634601,-0.0259668004274368,0.8530728731185198,-1.1122995633661743
6.8734651,-0.7648159129947424,0.0817348648786544,-1.3597886156775056
6.883470099999999,-1.2915528454497456,-0.3835352069616317,-1.260227148337662
6.893475100000001,-1.4703493236765264,-0.7691402059346437,-1.147882844857499
6.9034801,-1.1538742672920226,-1.0172703326284884,-1.0206972383372486
6.913485,-0.8081149564951657,-1.0082049826413393,-0.6603188889488577
6.923489999999999,-0.502305671031773,-0.6869225259751081,-0.0606835282173007
6.933495000000001,-0.1119265895247459,-0.1131552545368671,0.5143323915751651
6.9435,0.1516840148955583,0.5809340943276882,0.9102421826697884
6.953505,0.4483797273159027,1.3622329400897024,1.1531802936784925
6.963510000000001,0.6896808847725391,2.1407032844275236,1.2872684461288153
6.9735163,0.7052560550451278,2.7527532325088977,1.5766417067065834
6.9835213,0.5598851688191294,3.0964532726883887,1.86766346514374
6.993526300000001,0.2665387668266892,3.18099092002809,2.053886293978989
7.003531300000001,-0.2018801244333386,3.01811974068582,1.7563219820305704
7.0135362,-0.766840112298727,2.7084990802407263,1.071695750299096
7.0235411999999995,-1.177063127438724,2.259559380954504,0.3439971234299242
7.033546200000001,-1.4103002209052442,1.8671008628249168,-0.2588964353799819
7.0435512000000005,-1.4801634462043642,1.583069401666522,-0.6979780999314039
7.0535562,-1.4373352350860833,1.4474486328214409,-1.0090102346096188
7.0635612,-1.295918054921925,1.4394260698854922,-1.2730797617785632
7.0735662,-1.1274176375210283,1.4956138210535048,-1.5328925813511014
7.0835712,-0.8942974484324455,1.4641495922535657,-1.7009366332866251
7.093576199999999,-0.6470727461457252,1.3562433442860842,-1.7240572505027054
7.103581200000001,-0.3535094865322112,1.119417870938778,-1.6113706363908946
7.1135862,-0.0918339418277144,0.8418009529978037,-1.4269742923304438
7.1235912,0.0444283397912979,0.5694920783370733,-1.353764971473813
7.1335972,0.0543710571348667,0.4052577939480543,-1.2798169610790908
7.143602200000001,-0.0302080912590026,0.2920639609664678,-1.141528507394716
7.153607200000001,-0.342472836472094,0.3368769161611795,-1.0213388241764156
7.1636122,-0.7413502817332744,0.413964247494936,-0.8423267304375768
7.1736170999999995,-1.1141288246199488,0.4428302764952183,-0.6560805937919766
7.183622099999999,-1.411238963060081,0.5287140777468681,-0.4276048695083707
7.1936271000000005,-1.6189499856039882,0.6851017402887344,-0.0655124279447831
7.2036321,-1.8449968753054735,0.8151520155251025,0.3481781354416161
7.2136371,-1.9166054829671977,0.8514484867870807,0.7025318907782435
7.223642100000001,-1.9658117046847936,0.7755565027177334,0.9557143324255942
7.233647100000001,-1.979392486269772,0.6435656148076057,1.0528621627524497
7.2436521,-1.8253776903390884,0.5058043268024921,1.0806487259529531
7.2536571,-1.65883892839998,0.3246551479697227,1.1135060165464878
7.2636621,-1.4632508898481726,0.1135287640243768,1.1148358038455248
7.2736671,-1.30887047547549,-0.1908107411473989,0.8930511016331613
7.2836720999999995,-1.3183736323580144,-0.5527145465373993,0.5321043777722865
7.293678099999999,-1.4163161201938983,-0.9746230310350656,0.0321368673644959
7.303683100000001,-1.4779413862407207,-1.3656892180234192,-0.4495948752593249
7.3136881,-1.5876599443271755,-1.7226567360550165,-0.6378630192518234
7.3236930000000005,-1.74799517545104,-2.088427738267183,-0.5607759801790118
7.3336983,-1.8954545583888889,-2.462277417516708,-0.4522353067655116
7.3437033,-1.9358233936563136,-2.647355167970061,-0.6540456538982689
7.353708299999999,-1.0409554518595336,-2.3326830693542955,-0.5299269241353497
7.363713300000001,0.5545832630187273,-1.684654045397043,0.1107906808299943
7.3737183,1.813839228236675,-1.1013649123758078,0.1983988581888377
7.3837233,2.557975633557141,-0.9578542670637368,-0.2035430526768788
7.3937282,4.1599990342795845,-1.5664116968542336,-0.0956570803124457
7.4037332000000005,5.082193958941102,-2.7847774332791566,-0.1334655087736435
7.4137382,3.9616415310144424,-3.5648102046281096,-0.4194327420338988
7.4237432,2.916440112148225,-3.374524948659539,-0.6793258603010326
7.433748200000001,3.082062343764305,-2.709320918017626,-1.1748030004870147
7.443753200000001,3.99292221994102,-2.1708143450528383,-2.099055661395937
7.4537592,4.933301036068797,-1.8539456131756304,-3.029185616840422
7.4637642,5.553117526498436,-1.5954314551115034,-3.685673257063329
7.47377,5.827055463665723,-1.1291682805806398,-4.016358332847059
7.483775,6.304288360500335,-0.5935509993165731,-3.778623635700345
7.493779999999999,6.905638635390996,-0.1546808586239814,-3.0634204793974757
7.503785000000001,6.528671116381883,0.1090466501742601,-1.924533061096072
7.513789900000001,4.9291579449146985,0.5733376478493213,-0.1995089017899707
7.5237949,2.884000608575344,1.0079653286665675,1.4060932707346976
7.5337999,0.9827993232280016,1.3819967942237854,2.6468133161783216
7.543804799999999,-0.4359232735857367,1.652667254027724,3.2508056300103663
7.553809800000001,-1.5263874372407793,1.811786387360096,3.362609469938278
7.5638148,-2.2087232199475166,1.72815182633996,3.1070658521175383
7.5738198,-2.230138348419964,1.427455061584711,2.3572293354593215
7.5838248,-1.5310226958259938,1.1103560280829667,1.3082507361419498
7.5938298,-0.5154363707616925,1.0006944608807564,0.2787847196113318
7.603835800000001,0.512037375973165,1.0372183111578226,-0.4534490664694457
7.6138408,1.2446668833732604,1.2079220838218927,-0.6797845638539641
7.623845800000001,1.6464052710235118,1.4698720615535974,-0.7579821945171803
7.6338508,1.8622668667972089,1.679654045152664,-0.9899784210771322
7.6438558,1.9691192217975857,2.004609052851796,-1.0171047668032347
7.6538607999999995,2.084675107735395,2.2721248480170964,-1.04452666140981
7.663865800000001,1.9066537055343389,2.4460621957749127,-1.0053209516376256
7.6738708,1.6639631395459171,2.4519676204264163,-0.9112601275406778
7.6838758,1.397786484029889,2.4359932217031717,-0.4901249655030667
7.6938808,1.0426935276985168,2.4495313331902024,0.1749064485182985
7.7038858,0.5546095665037631,2.119007000926137,0.568675135931
7.7138908,0.1094862106353044,1.922453916734457,0.6838048323459923
7.723895799999999,-0.1298074063912034,1.810778671622276,0.5446375134678557
7.733900800000001,-0.2418646365582943,1.4588947404652832,0.5289945021234452
7.7439058,-0.0646320466473698,1.0666261919498443,0.5046448545690626
7.7539118,0.4157043691605329,0.842947200423479,0.4504383403461426
7.7639168,1.0553308909535408,0.592704611620307,0.3761327486854046
7.773921800000001,1.5775649590313434,0.3105652478188276,0.175465653303638
7.783926800000001,1.823921646311879,0.0781955848366022,0.2055218419365584
7.7939318,1.9025427630841731,0.1198310790389776,0.328806495495513
7.8039368,1.7302473373144864,0.0157043496102094,0.1697629846826195
7.8139418,1.4016811533808706,-0.123051210129261,0.1773418224390596
7.8239468,1.2295271819084883,-0.0398714071393013,0.2738900063723326
7.8339517999999995,1.0801935295313596,0.153857267281413,0.4477615223523229
7.843956800000001,1.1079574425086378,0.5896563299655914,0.3506534395139664
7.8539618,0.9464438152551652,0.6875251680433749,0.1817071049764752
7.8639668,0.7646651063472032,0.6793868697732687,0.1820157325342297
7.873972,0.5113429639682173,0.7139408812820911,0.1015209308445453
7.883977,0.2385828384086489,0.4105898026257753,0.2827696245290338
7.8939819,0.0584694323644041,0.2561205409258604,0.5564204883832484
7.903988,0.0237231131538748,0.4873527243107557,0.4206644757859408
7.9139930000000005,-0.055080958969891,0.591540828537941,0.3167459092151373
7.923997900000001,0.077367901840806,0.6122136142104864,0.1304572486020624
7.9340029,0.1631958812519907,0.8538198920935391,0.0466061952870339
7.9440078,0.2477589552938938,0.960317442306876,0.3091400373212993
7.954012799999999,0.3254652953088283,0.9819102654337882,0.4082099948171526
7.964017800000001,0.3179860454693436,0.6296832199275493,0.2801685751851648
7.9740228,0.4424710877940058,0.7726362313568592,0.4057397322461009
7.9840278,0.7946925803422927,0.9818564894199372,0.2215845034651458
7.994032800000001,0.814535637192428,0.4648725969552993,-0.2840248122218996
8.0040378,0.6876902954772114,0.4779851765066385,0.3004916706372052
8.0140428,0.7936088767588139,0.2771528075605631,0.6350968424741178
8.0240478,0.9789487852796912,0.2086544408738613,0.5597434222608805
8.034052800000001,1.116204169589281,0.1599637674629688,0.5811763786509633
8.044057800000001,1.107663135737181,0.1861959408283233,0.4319929483994841
8.0540638,1.3086720302939414,-0.2872112602382898,0.1170951512690633
8.0640688,0.8975511895313858,0.0305377616047859,0.0256457517795264
8.0740738,0.1625964540541171,1.0200187545537949,-0.1292384473968297
8.0840788,0.2357651506394147,0.844383370706439,-0.0416004959542304
8.0940838,0.6167009887576103,-0.1234106910914182,0.1211508564006537
8.1040888,0.3556394842982291,-0.9293968188643454,-0.0073925944693386
8.114093800000001,0.5315644987419247,-0.8044564339876175,0.1114888556946069
8.1240988,0.8745511299550532,-0.3767594292163849,0.0717035924687981
8.1341038,1.082424941845238,0.1155289979308843,0.0122083972532302
8.144108800000001,1.088857605241239,0.5195592959105968,0.0043386867914348
8.154113800000001,1.0355638219490646,0.7761264115601778,-0.0332500162381678
8.1641188,0.8610314309075474,0.8613894505649805,0.0125006581980735
8.1741238,0.6568865764126182,0.8679664908677339,0.0559045503124594
8.1841288,0.4511851401254534,0.7769739683002232,0.0950060690578073
8.1941348,0.2069230870366096,0.6052864452958107,0.0755815298806875
8.2041398,-0.0116050975978374,0.3921259251743554,0.0978514485515654
8.2141448,-0.1916436848402023,0.1276221713066101,0.0710719435017556
8.224149800000001,-0.2730582317233085,-0.1210047989934682,0.0375826386149972
8.234155,-0.2992874824792146,-0.1602647962361574,-0.0201482503417879
8.24416,-0.2616758369654416,-0.0719487994015216,-0.069528805712983
8.254165,-0.1468555718258023,0.087211250463128,-0.0986100118339061
8.26417,0.0502218285009264,0.2619464706003666,-0.1679275128837674
8.274175,0.7056117366150021,0.4007575599193573,-0.1577631886787712
8.284180000000001,1.2279413740217684,0.2574175949990749,-0.2731239904358983
8.294185,-0.2935521536976099,0.3429904306054115,-0.272287612676993
8.3041899,0.3066980509966611,0.4566454513579607,-0.1542143370907753
8.3141949,0.7360109665319323,0.3754518537491559,-0.1494794175233691
8.3241999,0.873497821509838,0.2452174541175365,-0.1417304838970303
8.3342048,1.0750237256780266,0.094800098156929,-0.130343412964046
8.3442109,1.233675533759594,-0.0976356138437986,-0.1047668539632111
8.3542159,1.2202058113336562,-0.1903641664236784,-0.0904912219818681
8.3642208,1.0668655536636709,-0.1417120714575052,-0.1237732407934963
8.374225800000001,0.9166799606323242,-0.0862099644660949,-0.1107887446012347
8.384230800000001,0.6890662600055336,-0.0174374570131301,-0.0555473709052428
8.3942358,0.4594622623443603,0.0530927077621221,-0.0508048890858888
8.4042408,0.1515101196333766,0.0905494549751281,-0.0164941482810303
8.4142458,-0.1421311736524105,0.1054822356909513,0.0083189155340194
8.4242508,-0.2631175602063536,0.1447100842297077,0.0205698002221062
8.434255799999999,-0.1591182565495371,0.2118202114284038,-0.029956966042146
8.4442608,0.0971513374581933,0.28266017280519,-0.1234174496257677
8.4542658,0.3211024239242077,0.3085422175586223,-0.1667639855297282
8.4642708,0.4601876540094614,0.2585088973671198,-0.1494583382027223
8.4742761,0.5246805844470859,0.1792787087857723,-0.1244909240761771
8.4842811,0.5519719114765524,0.0973170494139194,-0.0887993964374065
8.4942871,0.4945671857342124,0.0555015224695205,-0.0676162135573104
